,person,project,time_start,time_end,duration
400,Frodo Baggins,Project b,2012-01-01T17:19:56Z,2012-01-01T18:04:56Z,1
401,Frodo Baggins,Project b,2012-01-01T20:43:49Z,2012-01-01T23:38:49Z,3
402,Frodo Baggins,Project b,2012-01-03T11:24:56Z,2012-01-03T15:44:56Z,5
403,Frodo Baggins,Project b,2012-01-06T01:32:38Z,2012-01-06T03:47:38Z,3
404,Frodo Baggins,Project b,2012-01-07T19:48:12Z,2012-01-07T23:13:12Z,4
405,Frodo Baggins,Project b,2012-01-08T04:44:44Z,2012-01-08T05:54:44Z,2
406,Frodo Baggins,Project b,2012-01-09T22:15:49Z,2012-01-10T02:13:49Z,4
407,Frodo Baggins,Project b,2012-01-10T08:48:27Z,2012-01-10T11:34:27Z,3
408,Frodo Baggins,Project b,2012-01-16T19:55:42Z,2012-01-16T23:48:42Z,4
409,Frodo Baggins,Project b,2012-01-18T12:17:52Z,2012-01-18T14:41:52Z,3
410,Frodo Baggins,Project a,2012-01-21T06:02:23Z,2012-01-21T07:53:23Z,2
411,Frodo Baggins,Project a,2012-01-24T22:53:17Z,2012-01-25T00:43:17Z,2
412,Frodo Baggins,Project b,2012-01-25T02:49:21Z,2012-01-25T03:42:21Z,1
413,Frodo Baggins,Project b,2012-01-31T08:43:39Z,2012-01-31T10:24:39Z,2
414,Frodo Baggins,Project b,2012-01-31T14:07:42Z,2012-01-31T16:01:42Z,2
415,Frodo Baggins,Project b,2012-01-31T23:52:12Z,2012-02-01T02:18:12Z,3
416,Frodo Baggins,Project b,2012-02-08T22:03:40Z,2012-02-09T00:18:40Z,3
417,Frodo Baggins,Project a,2012-02-09T02:53:21Z,2012-02-09T05:08:21Z,3
418,Frodo Baggins,Project b,2012-02-17T14:56:28Z,2012-02-17T19:26:28Z,5
419,Frodo Baggins,Project b,2012-02-18T02:29:31Z,2012-02-18T05:49:31Z,4
420,Frodo Baggins,Project b,2012-02-19T17:53:33Z,2012-02-19T19:28:33Z,2
421,Frodo Baggins,Project b,2012-03-01T18:36:53Z,2012-03-01T19:38:53Z,2
422,Frodo Baggins,Project b,2012-03-05T20:15:24Z,2012-03-06T00:15:24Z,4
423,Frodo Baggins,Project b,2012-03-06T05:59:08Z,2012-03-06T07:05:08Z,2
424,Frodo Baggins,Project b,2012-03-06T10:42:12Z,2012-03-06T12:41:12Z,2
425,Frodo Baggins,Project b,2012-03-10T11:57:09Z,2012-03-10T13:26:09Z,2
426,Frodo Baggins,Project b,2012-03-10T19:39:04Z,2012-03-10T20:13:04Z,1
427,Frodo Baggins,Project b,2012-03-16T22:57:48Z,2012-03-17T00:13:48Z,2
428,Frodo Baggins,Project d,2012-03-17T01:50:44Z,2012-03-17T02:45:44Z,1
429,Frodo Baggins,Project b,2012-03-19T04:30:41Z,2012-03-19T05:38:41Z,2
430,Frodo Baggins,Project b,2012-03-19T06:55:39Z,2012-03-19T10:00:39Z,4
431,Frodo Baggins,Project b,2012-03-20T22:37:32Z,2012-03-20T22:38:32Z,1
432,Frodo Baggins,Project b,2012-03-21T06:31:34Z,2012-03-21T06:41:34Z,1
433,Frodo Baggins,Project b,2012-03-23T10:35:39Z,2012-03-23T13:52:39Z,4
434,Frodo Baggins,Project b,2012-03-25T10:41:08Z,2012-03-25T11:15:08Z,1
435,Frodo Baggins,Project b,2012-03-31T13:14:31Z,2012-03-31T17:43:31Z,5
436,Frodo Baggins,Project b,2012-04-01T00:16:10Z,2012-04-01T02:50:10Z,3
437,Frodo Baggins,Project b,2012-04-02T16:55:12Z,2012-04-02T19:12:12Z,3
438,Frodo Baggins,Project b,2012-04-02T21:48:51Z,2012-04-02T23:57:51Z,3
439,Frodo Baggins,Project b,2012-04-05T08:31:45Z,2012-04-05T12:20:45Z,4
440,Frodo Baggins,Project b,2012-04-06T23:42:43Z,2012-04-07T00:31:43Z,1
441,Frodo Baggins,Project b,2012-04-07T10:07:01Z,2012-04-07T11:30:01Z,2
442,Frodo Baggins,Project b,2012-04-07T14:14:02Z,2012-04-07T14:30:02Z,1
443,Frodo Baggins,Project b,2012-04-09T08:13:22Z,2012-04-09T10:26:22Z,3
444,Frodo Baggins,Project b,2012-04-09T14:21:51Z,2012-04-09T15:21:51Z,1
445,Frodo Baggins,Project b,2012-04-15T18:31:18Z,2012-04-15T20:27:18Z,2
446,Frodo Baggins,Project b,2012-04-16T00:51:40Z,2012-04-16T04:46:40Z,4
447,Frodo Baggins,Project b,2012-04-18T16:40:57Z,2012-04-18T17:04:57Z,1
448,Frodo Baggins,Project b,2012-04-20T07:38:37Z,2012-04-20T09:21:37Z,2
449,Frodo Baggins,Project b,2012-04-22T07:58:55Z,2012-04-22T08:33:55Z,1
450,Frodo Baggins,Project b,2012-04-22T09:15:24Z,2012-04-22T09:17:24Z,1
451,Frodo Baggins,Project b,2012-04-22T11:26:03Z,2012-04-22T12:46:03Z,2
452,Frodo Baggins,Project b,2012-04-22T14:16:38Z,2012-04-22T15:44:38Z,2
453,Frodo Baggins,Project b,2012-04-22T17:25:30Z,2012-04-22T17:47:30Z,1
454,Frodo Baggins,Project b,2012-04-24T04:34:45Z,2012-04-24T04:50:45Z,1
455,Frodo Baggins,Project b,2012-04-24T05:09:07Z,2012-04-24T06:19:07Z,2
456,Frodo Baggins,Project b,2012-04-24T15:16:47Z,2012-04-24T18:57:47Z,4
457,Frodo Baggins,Project a,2012-04-24T23:29:25Z,2012-04-25T00:02:25Z,1
458,Frodo Baggins,Project b,2012-04-30T15:23:25Z,2012-04-30T17:10:25Z,2
459,Frodo Baggins,Project b,2012-05-01T02:39:09Z,2012-05-01T03:44:09Z,2
460,Frodo Baggins,Project b,2012-05-05T02:29:19Z,2012-05-05T03:18:19Z,1
461,Frodo Baggins,Project b,2012-05-05T04:13:59Z,2012-05-05T05:32:59Z,2
462,Frodo Baggins,Project b,2012-05-05T10:12:25Z,2012-05-05T11:17:25Z,2
463,Frodo Baggins,Project b,2012-05-07T05:16:17Z,2012-05-07T07:25:17Z,3
464,Frodo Baggins,Project b,2012-05-09T05:14:11Z,2012-05-09T05:50:11Z,1
465,Frodo Baggins,Project b,2012-05-09T11:15:38Z,2012-05-09T12:03:38Z,1
466,Frodo Baggins,Project b,2012-05-16T01:33:21Z,2012-05-16T03:27:21Z,2
467,Frodo Baggins,Project b,2012-05-16T05:38:35Z,2012-05-16T06:48:35Z,2
468,Frodo Baggins,Project b,2012-05-17T18:31:04Z,2012-05-17T21:20:04Z,3
469,Frodo Baggins,Project b,2012-05-18T06:13:33Z,2012-05-18T07:56:33Z,2
470,Frodo Baggins,Project b,2012-05-22T02:19:28Z,2012-05-22T04:52:28Z,3
471,Frodo Baggins,Project b,2012-05-22T07:47:25Z,2012-05-22T08:56:25Z,2
472,Frodo Baggins,Project b,2012-05-24T09:02:08Z,2012-05-24T10:32:08Z,2
473,Frodo Baggins,Project b,2012-05-24T17:24:47Z,2012-05-24T18:13:47Z,1
474,Frodo Baggins,Project b,2012-05-24T23:32:05Z,2012-05-25T00:24:05Z,1
475,Frodo Baggins,Project b,2012-05-30T16:30:51Z,2012-05-30T20:16:51Z,4
476,Frodo Baggins,Project b,2012-05-31T02:53:13Z,2012-05-31T06:26:13Z,4
477,Frodo Baggins,Project b,2012-06-01T19:01:08Z,2012-06-01T23:11:08Z,5
478,Frodo Baggins,Project b,2012-06-02T06:33:41Z,2012-06-02T09:00:41Z,3
479,Frodo Baggins,Project b,2012-06-03T22:31:31Z,2012-06-03T23:21:31Z,1
480,Frodo Baggins,Project b,2012-06-04T08:38:52Z,2012-06-04T08:49:52Z,1
481,Frodo Baggins,Project b,2012-06-04T09:00:47Z,2012-06-04T13:25:47Z,5
482,Frodo Baggins,Project b,2012-06-06T02:06:11Z,2012-06-06T05:01:11Z,3
483,Frodo Baggins,Project b,2012-06-06T16:26:46Z,2012-06-06T18:06:46Z,2
484,Frodo Baggins,Project b,2012-06-06T20:01:23Z,2012-06-06T21:01:23Z,1
485,Frodo Baggins,Project b,2012-06-08T07:41:02Z,2012-06-08T08:42:02Z,2
486,Frodo Baggins,Project b,2012-06-30T03:24:10Z,2012-06-30T07:11:10Z,4
487,Frodo Baggins,Project a,2012-07-01T22:40:57Z,2012-07-02T01:30:57Z,3
488,Frodo Baggins,Project b,2012-07-02T08:00:16Z,2012-07-02T11:18:16Z,4
489,Frodo Baggins,Project b,2012-07-04T00:18:14Z,2012-07-04T01:06:14Z,1
490,Frodo Baggins,Project b,2012-07-04T10:25:41Z,2012-07-04T13:59:41Z,4
491,Frodo Baggins,Project b,2012-07-06T21:30:34Z,2012-07-06T21:54:34Z,1
492,Frodo Baggins,Project b,2012-07-07T02:19:28Z,2012-07-07T03:10:28Z,1
493,Frodo Baggins,Project b,2012-07-08T08:44:39Z,2012-07-08T09:21:39Z,1
494,Frodo Baggins,Project b,2012-07-15T06:35:49Z,2012-07-15T09:45:49Z,4
495,Frodo Baggins,Project b,2012-07-16T20:57:30Z,2012-07-17T00:48:30Z,4
496,Frodo Baggins,Project b,2012-07-17T06:44:27Z,2012-07-17T08:06:27Z,2
497,Frodo Baggins,Project b,2012-07-17T13:26:51Z,2012-07-17T15:52:51Z,3
498,Frodo Baggins,Project b,2012-07-19T12:55:37Z,2012-07-19T13:08:37Z,1
499,Frodo Baggins,Project b,2012-07-21T13:47:11Z,2012-07-21T17:22:11Z,4
500,Frodo Baggins,Project b,2012-07-23T08:16:45Z,2012-07-23T09:02:45Z,1
501,Frodo Baggins,Project b,2012-07-23T09:54:34Z,2012-07-23T12:49:34Z,3
502,Frodo Baggins,Project b,2012-07-23T17:25:09Z,2012-07-23T18:10:09Z,1
503,Frodo Baggins,Project b,2012-07-23T22:52:06Z,2012-07-23T23:46:06Z,1
504,Frodo Baggins,Project b,2012-07-29T18:28:34Z,2012-07-29T22:33:34Z,5
505,Frodo Baggins,Project b,2012-07-30T04:42:40Z,2012-07-30T05:34:40Z,1
506,Frodo Baggins,Project b,2012-07-30T07:16:52Z,2012-07-30T08:56:52Z,2
507,Frodo Baggins,Project b,2012-07-31T21:48:13Z,2012-08-01T02:08:13Z,5
508,Frodo Baggins,Project b,2012-08-03T01:05:43Z,2012-08-03T05:18:43Z,5
509,Frodo Baggins,Project b,2012-08-05T04:58:50Z,2012-08-05T08:37:50Z,4
510,Frodo Baggins,Project b,2012-08-05T13:57:54Z,2012-08-05T14:59:54Z,2
511,Frodo Baggins,Project b,2012-08-05T17:17:57Z,2012-08-05T20:24:57Z,4
512,Frodo Baggins,Project b,2012-08-06T00:36:22Z,2012-08-06T00:58:22Z,1
513,Frodo Baggins,Project b,2012-08-07T07:53:36Z,2012-08-07T09:17:36Z,2
514,Frodo Baggins,Project b,2012-08-13T18:09:42Z,2012-08-13T22:09:42Z,4
515,Frodo Baggins,Project b,2012-08-14T03:42:38Z,2012-08-14T06:50:38Z,4
516,Frodo Baggins,Project b,2012-08-15T23:16:39Z,2012-08-16T03:31:39Z,5
517,Frodo Baggins,Project b,2012-08-16T09:32:35Z,2012-08-16T12:56:35Z,4
518,Frodo Baggins,Project b,2012-08-18T12:40:49Z,2012-08-18T13:58:49Z,2
519,Frodo Baggins,Project b,2012-08-20T05:24:31Z,2012-08-20T09:25:31Z,5
520,Frodo Baggins,Project b,2012-08-22T18:55:20Z,2012-08-22T21:42:20Z,3
521,Frodo Baggins,Project b,2012-08-29T05:38:16Z,2012-08-29T08:03:16Z,3
522,Frodo Baggins,Project b,2012-08-29T11:21:00Z,2012-08-29T11:53:00Z,1
523,Frodo Baggins,Project b,2012-08-29T13:06:40Z,2012-08-29T13:47:40Z,1
524,Frodo Baggins,Project b,2012-08-30T22:53:30Z,2012-08-31T00:09:30Z,2
525,Frodo Baggins,Project b,2012-08-31T01:35:28Z,2012-08-31T04:26:28Z,3
526,Frodo Baggins,Project b,2012-08-31T10:12:25Z,2012-08-31T15:16:25Z,6
527,Frodo Baggins,Project b,2012-09-02T02:03:23Z,2012-09-02T06:16:23Z,5
528,Frodo Baggins,Project b,2012-09-02T12:42:56Z,2012-09-02T16:24:56Z,4
529,Frodo Baggins,Project b,2012-09-04T06:07:06Z,2012-09-04T09:52:06Z,4
530,Frodo Baggins,Project b,2012-09-04T15:28:01Z,2012-09-04T19:37:01Z,5
531,Frodo Baggins,Project b,2012-09-06T09:03:00Z,2012-09-06T13:10:00Z,5
532,Frodo Baggins,Project b,2012-09-15T10:25:13Z,2012-09-15T11:48:13Z,2
533,Frodo Baggins,Project b,2012-09-19T07:12:52Z,2012-09-19T11:10:52Z,4
534,Frodo Baggins,Project b,2012-09-19T17:12:23Z,2012-09-19T21:27:23Z,5
535,Frodo Baggins,Project b,2012-09-21T14:53:23Z,2012-09-21T15:44:23Z,1
536,Frodo Baggins,Project a,2012-09-21T16:41:35Z,2012-09-21T17:45:35Z,2
537,Frodo Baggins,Project a,2012-09-21T21:39:23Z,2012-09-21T23:38:23Z,2
538,Frodo Baggins,Project b,2012-09-27T20:52:02Z,2012-09-27T21:52:02Z,1
539,Frodo Baggins,Project b,2012-09-28T01:53:03Z,2012-09-28T02:48:03Z,1
540,Frodo Baggins,Project b,2012-09-29T23:53:13Z,2012-09-30T01:24:13Z,2
541,Frodo Baggins,Project b,2012-09-30T03:07:39Z,2012-09-30T05:35:39Z,3
542,Frodo Baggins,Project b,2012-09-30T09:29:40Z,2012-09-30T11:24:40Z,2
543,Frodo Baggins,Project b,2012-10-02T02:54:50Z,2012-10-02T03:32:50Z,1
544,Frodo Baggins,Project b,2012-10-04T07:37:30Z,2012-10-04T10:51:30Z,4
545,Frodo Baggins,Project b,2012-10-04T15:36:29Z,2012-10-04T15:49:29Z,1
546,Frodo Baggins,Project b,2012-10-06T10:36:42Z,2012-10-06T14:34:42Z,4
547,Frodo Baggins,Project b,2012-10-06T20:41:21Z,2012-10-06T21:08:21Z,1
548,Frodo Baggins,Project b,2012-10-07T02:15:32Z,2012-10-07T03:28:32Z,2
549,Frodo Baggins,Project b,2012-10-15T09:49:22Z,2012-10-15T10:44:22Z,1
550,Frodo Baggins,Project a,2012-10-15T12:46:55Z,2012-10-15T16:40:55Z,4
551,Frodo Baggins,Project a,2012-10-17T06:15:57Z,2012-10-17T09:09:57Z,3
552,Frodo Baggins,Project b,2012-10-17T19:58:59Z,2012-10-17T21:37:59Z,2
553,Frodo Baggins,Project b,2012-10-19T07:34:21Z,2012-10-19T10:33:21Z,3
554,Frodo Baggins,Project b,2012-10-19T13:58:30Z,2012-10-19T14:34:30Z,1
555,Frodo Baggins,Project b,2012-10-19T16:13:47Z,2012-10-19T21:05:47Z,5
556,Frodo Baggins,Project b,2012-10-27T21:01:32Z,2012-10-27T23:28:32Z,3
557,Frodo Baggins,Project b,2012-10-28T04:02:10Z,2012-10-28T05:04:10Z,2
558,Frodo Baggins,Project b,2012-10-28T13:39:10Z,2012-10-28T13:54:10Z,1
559,Frodo Baggins,Project b,2012-10-30T00:36:12Z,2012-10-30T04:44:12Z,5
560,Frodo Baggins,Project b,2012-10-30T11:39:20Z,2012-10-30T14:13:20Z,3
561,Frodo Baggins,Project b,2012-10-30T17:07:52Z,2012-10-30T18:17:52Z,2
562,Frodo Baggins,Project b,2012-11-01T15:45:18Z,2012-11-01T16:45:18Z,1
563,Frodo Baggins,Project b,2012-11-01T19:20:32Z,2012-11-01T20:59:32Z,2
564,Frodo Baggins,Project b,2012-11-03T07:11:12Z,2012-11-03T08:08:12Z,1
565,Frodo Baggins,Project b,2012-11-03T09:44:43Z,2012-11-03T10:50:43Z,2
566,Frodo Baggins,Project b,2012-11-03T12:58:52Z,2012-11-03T14:27:52Z,2
567,Frodo Baggins,Project b,2012-11-05T11:04:47Z,2012-11-05T12:30:47Z,2
568,Frodo Baggins,Project b,2012-11-05T20:49:13Z,2012-11-05T21:10:13Z,1
569,Frodo Baggins,Project b,2012-11-12T17:44:34Z,2012-11-12T18:39:34Z,1
570,Frodo Baggins,Project b,2012-11-14T12:24:48Z,2012-11-14T14:21:48Z,2
571,Frodo Baggins,Project b,2012-11-16T14:42:32Z,2012-11-16T17:59:32Z,4
572,Frodo Baggins,Project b,2012-11-18T17:38:23Z,2012-11-18T21:07:23Z,4
573,Frodo Baggins,Project b,2012-11-19T01:06:30Z,2012-11-19T01:22:30Z,1
574,Frodo Baggins,Project b,2012-11-19T03:11:19Z,2012-11-19T03:44:19Z,1
575,Frodo Baggins,Project a,2012-11-20T13:55:54Z,2012-11-20T16:59:54Z,4
576,Frodo Baggins,Project b,2012-11-26T22:00:23Z,2012-11-27T00:29:23Z,3
577,Frodo Baggins,Project b,2012-11-27T08:49:45Z,2012-11-27T12:19:45Z,4
578,Frodo Baggins,Project b,2012-11-27T16:29:55Z,2012-11-27T17:06:55Z,1
579,Frodo Baggins,Project b,2012-11-29T04:07:30Z,2012-11-29T06:15:30Z,3
580,Frodo Baggins,Project b,2012-11-29T08:48:34Z,2012-11-29T09:46:34Z,1
581,Frodo Baggins,Project b,2012-11-29T11:57:49Z,2012-11-29T13:49:49Z,2
582,Frodo Baggins,Project b,2012-12-01T05:32:50Z,2012-12-01T07:35:50Z,3
583,Frodo Baggins,Project b,2012-12-01T12:45:18Z,2012-12-01T13:25:18Z,1
584,Frodo Baggins,Project b,2012-12-01T16:00:23Z,2012-12-01T16:57:23Z,1
585,Frodo Baggins,Project b,2012-12-03T11:37:33Z,2012-12-03T14:33:33Z,3
586,Frodo Baggins,Project a,2012-12-03T22:55:36Z,2012-12-04T01:59:36Z,4
587,Frodo Baggins,Project a,2012-12-05T12:02:17Z,2012-12-05T15:55:17Z,4
588,Frodo Baggins,Project a,2012-12-06T04:56:26Z,2012-12-06T05:50:26Z,1
589,Frodo Baggins,Project b,2012-12-14T12:04:25Z,2012-12-14T12:25:25Z,1
590,Frodo Baggins,Project b,2012-12-14T14:33:22Z,2012-12-14T16:18:22Z,2
591,Frodo Baggins,Project b,2012-12-18T21:50:41Z,2012-12-18T23:03:41Z,2
592,Frodo Baggins,Project b,2012-12-20T17:03:51Z,2012-12-20T18:55:51Z,2
593,Frodo Baggins,Project b,2012-12-20T22:23:15Z,2012-12-21T01:50:15Z,4
594,Frodo Baggins,Project b,2012-12-26T20:23:07Z,2012-12-27T00:40:07Z,5
595,Frodo Baggins,Project b,2012-12-29T10:47:59Z,2012-12-29T12:07:59Z,2
596,Frodo Baggins,Project b,2012-12-29T14:08:34Z,2012-12-29T17:22:34Z,4
597,Frodo Baggins,Project b,2012-12-31T07:26:20Z,2012-12-31T10:04:20Z,3
598,Frodo Baggins,Project b,2012-12-31T16:44:24Z,2012-12-31T16:52:24Z,1
599,Frodo Baggins,Project b,2012-12-31T17:00:00Z,2012-12-31T20:27:00Z,4
1600,Gandalf,Project c,2012-01-01T13:00:39Z,2012-01-01T13:01:39Z,1
1601,Gandalf,Project b,2012-01-05T00:08:26Z,2012-01-05T02:08:26Z,2
1602,Gandalf,Project b,2012-01-07T23:08:01Z,2012-01-08T03:08:01Z,4
1603,Gandalf,Project b,2012-01-11T10:53:52Z,2012-01-11T14:53:52Z,4
1604,Gandalf,Project b,2012-01-13T11:40:46Z,2012-01-13T15:40:46Z,4
1605,Gandalf,Project b,2012-01-23T08:09:29Z,2012-01-23T12:09:29Z,4
1606,Gandalf,Project b,2012-01-26T02:23:39Z,2012-01-26T10:23:39Z,8
1607,Gandalf,Project b,2012-02-08T04:23:28Z,2012-02-08T06:23:28Z,2
1608,Gandalf,Project a,2012-02-18T03:12:40Z,2012-02-18T03:42:40Z,1
1609,Gandalf,Project b,2012-02-19T22:06:49Z,2012-02-20T06:06:49Z,8
1610,Gandalf,Project b,2012-02-20T20:12:34Z,2012-02-21T04:12:34Z,8
1611,Gandalf,Project b,2012-02-21T18:18:19Z,2012-02-22T02:18:19Z,8
1612,Gandalf,Project b,2012-02-24T12:35:35Z,2012-02-24T20:35:35Z,8
1613,Gandalf,Project b,2012-02-26T08:47:05Z,2012-02-26T16:47:05Z,8
1614,Gandalf,Project b,2012-02-28T04:58:36Z,2012-02-28T12:58:36Z,8
1615,Gandalf,Project c,2012-03-02T21:21:36Z,2012-03-03T05:21:36Z,8
1616,Gandalf,Project b,2012-03-04T17:33:07Z,2012-03-05T01:33:07Z,8
1617,Gandalf,Project c,2012-03-12T02:19:08Z,2012-03-12T10:19:08Z,8
1618,Gandalf,Project c,2012-03-15T18:42:08Z,2012-03-16T02:42:08Z,8
1619,Gandalf,Project c,2012-03-17T14:53:39Z,2012-03-17T22:53:39Z,8
1620,Gandalf,Project c,2012-03-24T01:33:55Z,2012-03-24T09:33:55Z,8
1621,Gandalf,Project c,2012-03-24T23:39:40Z,2012-03-25T07:39:40Z,8
1622,Gandalf,Project c,2012-03-28T16:02:41Z,2012-03-29T00:02:41Z,8
1623,Gandalf,Project c,2012-03-29T14:08:26Z,2012-03-29T22:08:26Z,8
1624,Gandalf,Project c,2012-03-30T12:14:11Z,2012-03-30T20:14:11Z,8
1625,Gandalf,Project c,2012-03-31T10:19:56Z,2012-03-31T18:19:56Z,8
1626,Gandalf,Project c,2012-04-03T04:37:12Z,2012-04-03T08:37:12Z,4
1627,Gandalf,Project a,2012-04-03T10:08:38Z,2012-04-03T12:08:38Z,2
1628,Gandalf,Project c,2012-04-04T02:42:57Z,2012-04-04T03:42:57Z,1
1629,Gandalf,Project c,2012-04-04T03:38:11Z,2012-04-04T04:38:11Z,1
1630,Gandalf,Project b,2012-04-06T02:35:25Z,2012-04-06T06:35:25Z,4
1631,Gandalf,Project c,2012-04-10T15:13:42Z,2012-04-10T18:13:42Z,3
1632,Gandalf,Project b,2012-04-10T23:30:51Z,2012-04-11T01:30:51Z,2
1633,Gandalf,Project c,2012-04-16T01:57:44Z,2012-04-16T03:57:44Z,2
1634,Gandalf,Project b,2012-04-16T05:38:41Z,2012-04-16T09:38:41Z,4
1635,Gandalf,Project b,2012-04-17T00:03:29Z,2012-04-17T08:03:29Z,8
1636,Gandalf,Project c,2012-04-17T00:03:29Z,2012-04-17T01:03:29Z,1
1637,Gandalf,Project b,2012-04-17T22:09:14Z,2012-04-18T06:09:14Z,8
1638,Gandalf,Project c,2012-04-18T23:55:57Z,2012-04-19T03:55:57Z,4
1639,Gandalf,Project c,2012-04-19T18:20:45Z,2012-04-19T19:20:45Z,1
1640,Gandalf,Project b,2012-04-19T18:20:45Z,2012-04-20T02:20:45Z,8
1641,Gandalf,Project b,2012-04-22T12:38:00Z,2012-04-22T16:38:00Z,4
1642,Gandalf,Project b,2012-04-22T16:18:58Z,2012-04-22T20:18:58Z,4
1643,Gandalf,Project b,2012-04-23T11:39:00Z,2012-04-23T15:39:00Z,4
1644,Gandalf,Project c,2012-04-23T15:19:57Z,2012-04-23T18:19:57Z,3
1645,Gandalf,Project c,2012-05-12T18:44:34Z,2012-05-13T02:44:34Z,8
1646,Gandalf,Project c,2012-05-19T05:24:50Z,2012-05-19T13:24:50Z,8
1647,Gandalf,Project c,2012-05-21T23:42:05Z,2012-05-22T07:42:05Z,8
1648,Gandalf,Project c,2012-05-26T14:10:51Z,2012-05-26T22:10:51Z,8
1649,Gandalf,Project c,2012-05-27T12:16:36Z,2012-05-27T20:16:36Z,8
1650,Gandalf,Project b,2012-05-28T10:22:21Z,2012-05-28T18:22:21Z,8
1651,Gandalf,Project c,2012-05-28T10:22:21Z,2012-05-28T12:22:21Z,2
1652,Gandalf,Project b,2012-05-31T04:39:37Z,2012-05-31T12:39:37Z,8
1653,Gandalf,Project b,2012-06-01T02:45:22Z,2012-06-01T10:45:22Z,8
1654,Gandalf,Project b,2012-06-02T22:56:52Z,2012-06-03T06:56:52Z,8
1655,Gandalf,Project c,2012-06-07T13:25:38Z,2012-06-07T15:25:38Z,2
1656,Gandalf,Project b,2012-06-09T09:37:08Z,2012-06-09T17:37:08Z,8
1657,Gandalf,Project b,2012-06-10T07:42:54Z,2012-06-10T15:42:54Z,8
1658,Gandalf,Project b,2012-06-13T02:00:09Z,2012-06-13T10:00:09Z,8
1659,Gandalf,Project b,2012-06-14T00:05:54Z,2012-06-14T08:05:54Z,8
1660,Gandalf,Project b,2012-06-14T22:11:39Z,2012-06-15T06:11:39Z,8
1661,Gandalf,Project c,2012-06-19T16:21:23Z,2012-06-19T20:21:23Z,4
1662,Gandalf,Project c,2012-06-20T10:46:10Z,2012-06-20T18:46:10Z,8
1663,Gandalf,Project b,2012-06-23T05:03:26Z,2012-06-23T13:03:26Z,8
1664,Gandalf,Project c,2012-06-26T21:26:27Z,2012-06-27T01:26:27Z,4
1665,Gandalf,Project b,2012-06-28T21:18:54Z,2012-06-29T01:18:54Z,4
1666,Gandalf,Project c,2012-06-29T19:24:40Z,2012-06-29T23:24:40Z,4
1667,Gandalf,Project b,2012-07-02T10:00:58Z,2012-07-02T18:00:58Z,8
1668,Gandalf,Project c,2012-07-03T08:06:43Z,2012-07-03T12:06:43Z,4
1669,Gandalf,Project b,2012-07-04T06:12:28Z,2012-07-04T14:12:28Z,8
1670,Gandalf,Project b,2012-07-05T07:59:11Z,2012-07-05T11:59:11Z,4
1671,Gandalf,Project c,2012-07-08T20:41:14Z,2012-07-09T00:41:14Z,4
1672,Gandalf,Project b,2012-07-09T02:12:40Z,2012-07-09T04:12:40Z,2
1673,Gandalf,Project b,2012-07-10T16:52:44Z,2012-07-11T00:52:44Z,8
1674,Gandalf,Project b,2012-07-12T13:04:14Z,2012-07-12T21:04:14Z,8
1675,Gandalf,Project c,2012-07-12T17:40:26Z,2012-07-12T19:40:26Z,2
1676,Gandalf,Project c,2012-07-16T08:12:58Z,2012-07-16T12:12:58Z,4
1677,Gandalf,Project b,2012-07-17T03:33:00Z,2012-07-17T11:33:00Z,8
1678,Gandalf,Project b,2012-07-18T01:38:45Z,2012-07-18T09:38:45Z,8
1679,Gandalf,Project a,2012-07-21T18:01:46Z,2012-07-22T02:01:46Z,8
1680,Gandalf,Project b,2012-07-22T16:07:31Z,2012-07-23T00:07:31Z,8
1681,Gandalf,Project b,2012-07-23T14:13:16Z,2012-07-23T22:13:16Z,8
1682,Gandalf,Project b,2012-07-24T12:19:01Z,2012-07-24T16:17:01Z,4
1683,Gandalf,Project b,2012-07-24T15:59:59Z,2012-07-24T19:59:59Z,4
1684,Gandalf,Project c,2012-07-24T16:55:13Z,2012-07-24T18:55:13Z,2
1685,Gandalf,Project c,2012-07-25T10:24:47Z,2012-07-25T18:24:47Z,8
1686,Gandalf,Project b,2012-07-28T04:42:02Z,2012-07-28T08:42:02Z,4
1687,Gandalf,Project b,2012-07-29T02:47:47Z,2012-07-29T06:47:47Z,4
1688,Gandalf,Project c,2012-07-29T02:47:47Z,2012-07-29T04:47:47Z,2
1689,Gandalf,Project c,2012-08-04T13:28:03Z,2012-08-04T21:28:03Z,8
1690,Gandalf,Project c,2012-08-05T11:33:49Z,2012-08-05T15:33:49Z,4
1691,Gandalf,Project c,2012-08-06T09:39:34Z,2012-08-06T17:39:34Z,8
1692,Gandalf,Project c,2012-08-10T01:07:20Z,2012-08-10T05:07:20Z,4
1693,Gandalf,Project b,2012-08-10T05:43:32Z,2012-08-10T07:43:32Z,2
1694,Gandalf,Project c,2012-08-10T07:34:01Z,2012-08-10T09:34:01Z,2
1695,Gandalf,Project c,2012-08-11T04:44:31Z,2012-08-11T06:44:31Z,2
1696,Gandalf,Project b,2012-08-11T21:18:50Z,2012-08-12T01:18:50Z,4
1697,Gandalf,Project c,2012-08-12T01:55:02Z,2012-08-12T05:55:02Z,4
1698,Gandalf,Project c,2012-08-13T17:30:21Z,2012-08-13T23:30:21Z,6
1699,Gandalf,Project c,2012-08-13T23:01:47Z,2012-08-14T01:01:47Z,2
1700,Gandalf,Project c,2012-08-17T11:43:50Z,2012-08-17T19:43:50Z,8
1701,Gandalf,Project c,2012-08-18T13:30:33Z,2012-08-18T17:30:33Z,4
1702,Gandalf,Project c,2012-08-19T11:36:18Z,2012-08-19T15:36:18Z,4
1703,Gandalf,Project b,2012-08-24T20:29:51Z,2012-08-25T04:29:51Z,8
1704,Gandalf,Project b,2012-08-29T15:34:49Z,2012-08-29T18:34:49Z,3
1705,Gandalf,Project b,2012-08-29T20:38:38Z,2012-08-29T21:38:38Z,1
1706,Gandalf,Project b,2012-08-30T09:04:22Z,2012-08-30T17:04:22Z,8
1707,Gandalf,Project c,2012-09-01T05:15:53Z,2012-09-01T13:15:53Z,8
1708,Gandalf,Project c,2012-09-02T03:21:38Z,2012-09-02T11:21:38Z,8
1709,Gandalf,Project c,2012-09-04T20:43:39Z,2012-09-04T22:43:39Z,2
1710,Gandalf,Project b,2012-09-04T22:34:08Z,2012-09-05T00:34:08Z,2
1711,Gandalf,Project c,2012-09-05T01:19:51Z,2012-09-05T05:19:51Z,4
1712,Gandalf,Project c,2012-09-05T05:00:48Z,2012-09-05T07:00:48Z,2
1713,Gandalf,Project b,2012-09-05T08:41:46Z,2012-09-05T10:41:46Z,2
1714,Gandalf,Project c,2012-09-05T20:39:53Z,2012-09-05T22:39:53Z,2
1715,Gandalf,Project c,2012-09-05T23:25:36Z,2012-09-06T03:25:36Z,4
1716,Gandalf,Project c,2012-09-06T16:55:09Z,2012-09-06T20:55:09Z,4
1717,Gandalf,Project c,2012-09-07T15:00:54Z,2012-09-07T17:00:54Z,2
1718,Gandalf,Project b,2012-09-07T16:51:23Z,2012-09-07T18:51:23Z,2
1719,Gandalf,Project c,2012-09-08T14:01:54Z,2012-09-08T22:01:54Z,8
1720,Gandalf,Project c,2012-09-11T08:19:09Z,2012-09-11T16:19:09Z,8
1721,Gandalf,Project c,2012-09-12T06:24:55Z,2012-09-12T08:24:55Z,2
1722,Gandalf,Project c,2012-09-13T04:30:40Z,2012-09-13T12:30:40Z,8
1723,Gandalf,Project c,2012-09-14T02:36:25Z,2012-09-14T10:36:25Z,8
1724,Gandalf,Project c,2012-09-15T00:42:10Z,2012-09-15T06:42:10Z,6
1725,Gandalf,Project a,2012-09-15T00:42:10Z,2012-09-15T02:42:10Z,2
1726,Gandalf,Project b,2012-09-15T04:23:08Z,2012-09-15T05:23:08Z,1
1727,Gandalf,Project c,2012-09-15T06:13:36Z,2012-09-15T07:13:36Z,1
1728,Gandalf,Project b,2012-09-18T00:30:52Z,2012-09-18T01:30:52Z,1
1729,Gandalf,Project b,2012-09-19T15:10:56Z,2012-09-19T19:10:56Z,4
1730,Gandalf,Project c,2012-09-19T20:42:22Z,2012-09-19T23:42:22Z,3
1731,Gandalf,Project c,2012-09-21T10:27:12Z,2012-09-21T13:27:12Z,3
1732,Gandalf,Project c,2012-09-21T15:58:38Z,2012-09-21T19:58:38Z,4
1733,Gandalf,Project c,2012-09-24T05:39:42Z,2012-09-24T13:39:42Z,8
1734,Gandalf,Project b,2012-09-25T03:45:27Z,2012-09-25T07:45:27Z,4
1735,Gandalf,Project b,2012-09-26T03:41:41Z,2012-09-26T05:41:41Z,2
1736,Gandalf,Project a,2012-09-30T16:19:58Z,2012-09-30T18:19:58Z,2
1737,Gandalf,Project c,2012-09-30T17:15:12Z,2012-10-01T01:15:12Z,8
1738,Gandalf,Project c,2012-10-01T14:25:43Z,2012-10-01T18:25:43Z,4
1739,Gandalf,Project b,2012-10-01T18:06:40Z,2012-10-01T22:06:40Z,4
1740,Gandalf,Project a,2012-10-01T21:47:38Z,2012-10-01T23:47:38Z,2
1741,Gandalf,Project c,2012-10-02T12:31:28Z,2012-10-02T16:31:28Z,4
1742,Gandalf,Project c,2012-10-02T16:12:26Z,2012-10-02T18:12:26Z,2
1743,Gandalf,Project b,2012-10-04T10:33:27Z,2012-10-04T12:33:27Z,2
1744,Gandalf,Project b,2012-10-15T09:52:00Z,2012-10-15T11:52:00Z,2
1745,Gandalf,Project c,2012-10-17T06:03:31Z,2012-10-17T10:03:31Z,4
1746,Gandalf,Project c,2012-10-21T03:02:43Z,2012-10-21T05:02:43Z,2
1747,Gandalf,Project c,2012-10-21T23:18:00Z,2012-10-22T01:18:00Z,2
1748,Gandalf,Project c,2012-10-22T23:14:14Z,2012-10-23T03:14:14Z,4
1749,Gandalf,Project a,2012-10-23T17:39:01Z,2012-10-23T19:39:01Z,2
1750,Gandalf,Project c,2012-10-24T16:40:01Z,2012-10-24T18:40:01Z,2
1751,Gandalf,Project c,2012-10-25T00:57:10Z,2012-10-25T02:57:10Z,2
1752,Gandalf,Project c,2012-10-26T14:42:00Z,2012-10-26T16:42:00Z,2
1753,Gandalf,Project b,2012-10-29T08:59:15Z,2012-10-29T12:59:15Z,4
1754,Gandalf,Project c,2012-10-30T03:24:03Z,2012-10-30T07:24:03Z,4
1755,Gandalf,Project c,2012-11-01T21:41:18Z,2012-11-02T03:41:18Z,6
1756,Gandalf,Project c,2012-11-02T23:28:01Z,2012-11-03T01:28:01Z,2
1757,Gandalf,Project c,2012-11-03T17:52:49Z,2012-11-03T23:52:49Z,6
1758,Gandalf,Project c,2012-11-04T15:58:34Z,2012-11-04T21:58:34Z,6
1759,Gandalf,Project c,2012-11-05T14:04:19Z,2012-11-05T16:04:19Z,2
1760,Gandalf,Project b,2012-11-08T07:26:20Z,2012-11-08T09:26:20Z,2
1761,Gandalf,Project c,2012-11-08T09:16:49Z,2012-11-08T15:16:49Z,6
1762,Gandalf,Project c,2012-11-09T05:32:05Z,2012-11-09T09:32:05Z,4
1763,Gandalf,Project c,2012-11-09T09:13:03Z,2012-11-09T13:13:03Z,4
1764,Gandalf,Project c,2012-11-11T02:38:50Z,2012-11-11T04:38:50Z,2
1765,Gandalf,Project c,2012-11-11T09:05:31Z,2012-11-11T11:05:31Z,2
1766,Gandalf,Project a,2012-11-12T01:39:50Z,2012-11-12T03:39:50Z,2
1767,Gandalf,Project c,2012-11-14T23:38:03Z,2012-11-15T03:38:03Z,4
1768,Gandalf,Project b,2012-11-16T19:49:33Z,2012-11-16T21:49:33Z,2
1769,Gandalf,Project c,2012-11-17T13:19:06Z,2012-11-17T15:19:06Z,2
1770,Gandalf,Project b,2012-11-17T17:55:18Z,2012-11-17T19:55:18Z,2
1771,Gandalf,Project c,2012-11-18T11:24:51Z,2012-11-18T15:24:51Z,4
1772,Gandalf,Project c,2012-11-18T16:01:03Z,2012-11-18T20:01:03Z,4
1773,Gandalf,Project c,2012-11-22T04:43:06Z,2012-11-22T06:43:06Z,2
1774,Gandalf,Project c,2012-11-22T07:28:49Z,2012-11-22T12:28:49Z,5
1775,Gandalf,Project c,2012-11-24T01:49:51Z,2012-11-24T03:49:51Z,2
1776,Gandalf,Project c,2012-11-28T14:28:08Z,2012-11-28T15:28:08Z,1
1777,Gandalf,Project c,2012-11-28T19:04:20Z,2012-11-28T20:04:20Z,1
1778,Gandalf,Project a,2012-11-29T12:33:53Z,2012-11-29T15:33:53Z,3
1779,Gandalf,Project c,2012-11-30T14:20:36Z,2012-11-30T16:20:36Z,2
1780,Gandalf,Project a,2012-12-01T11:31:07Z,2012-12-01T15:31:07Z,4
1781,Gandalf,Project b,2012-12-04T08:34:05Z,2012-12-04T10:34:05Z,2
1782,Gandalf,Project c,2012-12-05T01:08:24Z,2012-12-05T02:08:24Z,1
1783,Gandalf,Project c,2012-12-05T02:03:39Z,2012-12-05T04:03:39Z,2
1784,Gandalf,Project b,2012-12-10T16:28:38Z,2012-12-10T19:28:38Z,3
1785,Gandalf,Project c,2012-12-10T19:14:21Z,2012-12-10T21:14:21Z,2
1786,Gandalf,Project c,2012-12-11T11:48:40Z,2012-12-11T13:48:40Z,2
1787,Gandalf,Project b,2012-12-11T18:15:21Z,2012-12-11T20:15:21Z,2
1788,Gandalf,Project c,2012-12-13T08:00:11Z,2012-12-13T16:00:11Z,8
1789,Gandalf,Project b,2012-12-18T04:00:23Z,2012-12-18T06:00:23Z,2
1790,Gandalf,Project a,2012-12-19T19:08:04Z,2012-12-19T21:08:04Z,2
1791,Gandalf,Project a,2012-12-19T23:16:39Z,2012-12-20T02:16:39Z,3
1792,Gandalf,Project a,2012-12-20T16:46:12Z,2012-12-20T18:16:12Z,2
1793,Gandalf,Project a,2012-12-20T18:09:04Z,2012-12-20T19:39:04Z,2
1794,Gandalf,Project c,2012-12-23T14:44:25Z,2012-12-23T18:44:25Z,4
1795,Gandalf,Project c,2012-12-24T13:45:24Z,2012-12-24T19:45:24Z,6
1796,Gandalf,Project a,2012-12-25T07:01:09Z,2012-12-25T09:01:09Z,2
1797,Gandalf,Project b,2012-12-25T11:23:32Z,2012-12-25T12:23:32Z,1
1798,Gandalf,Project a,2012-12-26T09:56:55Z,2012-12-26T12:56:55Z,3
1799,Gandalf,Project a,2012-12-27T03:26:28Z,2012-12-27T06:26:28Z,3
2600,Merry Brandybuck,Project a,2012-01-01T10:00:00Z,2012-01-01T10:31:00Z,1
2601,Merry Brandybuck,Project a,2012-01-01T13:19:37Z,2012-01-01T13:28:37Z,1
2602,Merry Brandybuck,Project a,2012-01-02T12:59:19Z,2012-01-02T13:26:19Z,1
2603,Merry Brandybuck,Project a,2012-01-02T14:11:15Z,2012-01-02T14:24:15Z,1
2604,Merry Brandybuck,Project a,2012-01-04T07:12:00Z,2012-01-04T07:57:00Z,1
2605,Merry Brandybuck,Project a,2012-01-07T22:04:15Z,2012-01-07T23:02:15Z,1
2606,Merry Brandybuck,Project a,2012-01-14T09:28:46Z,2012-01-14T10:27:46Z,1
2607,Merry Brandybuck,Project a,2012-02-12T03:37:47Z,2012-02-12T04:59:47Z,2
2608,Merry Brandybuck,Project a,2012-02-12T06:15:26Z,2012-02-12T06:30:26Z,1
2609,Merry Brandybuck,Project a,2012-02-14T23:49:11Z,2012-02-15T01:15:11Z,2
2610,Merry Brandybuck,Project a,2012-02-15T20:05:56Z,2012-02-15T20:39:56Z,1
2611,Merry Brandybuck,Project a,2012-02-16T18:32:26Z,2012-02-16T18:33:26Z,1
2612,Merry Brandybuck,Project a,2012-02-17T17:09:42Z,2012-02-17T19:19:42Z,3
2613,Merry Brandybuck,Project a,2012-02-21T10:43:12Z,2012-02-21T13:30:12Z,3
2614,Merry Brandybuck,Project a,2012-02-26T20:11:01Z,2012-02-26T20:22:01Z,1
2615,Merry Brandybuck,Project a,2012-02-26T20:59:06Z,2012-02-26T21:00:06Z,1
2616,Merry Brandybuck,Project a,2012-02-26T20:59:10Z,2012-02-26T22:26:10Z,2
2617,Merry Brandybuck,Project a,2012-02-29T16:49:41Z,2012-02-29T17:28:41Z,1
2618,Merry Brandybuck,Project a,2012-03-11T18:51:45Z,2012-03-11T19:12:45Z,1
2619,Merry Brandybuck,Project a,2012-03-13T12:07:25Z,2012-03-13T14:20:25Z,3
2620,Merry Brandybuck,Project a,2012-03-13T14:11:17Z,2012-03-13T14:24:17Z,1
2621,Merry Brandybuck,Project a,2012-03-18T04:56:07Z,2012-03-18T06:07:07Z,2
2622,Merry Brandybuck,Project a,2012-03-18T06:48:50Z,2012-03-18T08:19:50Z,2
2623,Merry Brandybuck,Project a,2012-03-20T03:09:26Z,2012-03-20T05:07:26Z,2
2624,Merry Brandybuck,Project a,2012-03-20T11:17:57Z,2012-03-20T13:35:57Z,3
2625,Merry Brandybuck,Project a,2012-03-21T20:24:10Z,2012-03-21T23:49:10Z,4
2626,Merry Brandybuck,Project a,2012-03-24T17:09:55Z,2012-03-24T20:05:55Z,3
2627,Merry Brandybuck,Project a,2012-03-25T03:40:48Z,2012-03-25T04:40:48Z,1
2628,Merry Brandybuck,Project a,2012-03-30T10:38:10Z,2012-03-30T11:43:10Z,2
2629,Merry Brandybuck,Project a,2012-03-30T11:37:57Z,2012-03-30T14:21:57Z,3
2630,Merry Brandybuck,Project a,2012-04-05T20:18:37Z,2012-04-06T00:42:37Z,5
2631,Merry Brandybuck,Project a,2012-04-09T08:33:21Z,2012-04-09T17:56:21Z,10
2632,Merry Brandybuck,Project a,2012-04-12T09:05:59Z,2012-04-12T11:27:59Z,3
2633,Merry Brandybuck,Project a,2012-04-14T22:17:30Z,2012-04-15T07:59:30Z,10
2634,Merry Brandybuck,Project a,2012-04-15T20:19:43Z,2012-04-16T05:34:43Z,10
2635,Merry Brandybuck,Project a,2012-04-18T19:47:10Z,2012-04-19T01:23:10Z,6
2636,Merry Brandybuck,Project a,2012-04-27T22:04:08Z,2012-04-28T07:22:08Z,10
2637,Merry Brandybuck,Project a,2012-04-28T20:19:20Z,2012-04-28T20:45:20Z,1
2638,Merry Brandybuck,Project a,2012-04-29T03:16:35Z,2012-04-29T04:53:35Z,2
2639,Merry Brandybuck,Project a,2012-05-01T19:15:16Z,2012-05-01T23:32:16Z,5
2640,Merry Brandybuck,Project a,2012-05-04T10:36:51Z,2012-05-04T13:12:51Z,3
2641,Merry Brandybuck,Project a,2012-05-04T13:02:09Z,2012-05-04T14:19:09Z,2
2642,Merry Brandybuck,Project a,2012-05-05T08:52:03Z,2012-05-05T15:34:03Z,7
2643,Merry Brandybuck,Project a,2012-05-11T01:45:31Z,2012-05-11T04:42:31Z,3
2644,Merry Brandybuck,Project a,2012-05-11T04:30:24Z,2012-05-11T05:56:24Z,2
2645,Merry Brandybuck,Project a,2012-05-11T22:11:08Z,2012-05-11T23:19:08Z,2
2646,Merry Brandybuck,Project a,2012-05-11T23:14:21Z,2012-05-12T04:35:21Z,6
2647,Merry Brandybuck,Project a,2012-05-17T10:34:07Z,2012-05-17T13:31:07Z,3
2648,Merry Brandybuck,Project a,2012-05-18T12:15:45Z,2012-05-18T16:23:45Z,5
2649,Merry Brandybuck,Project a,2012-05-24T22:23:37Z,2012-05-25T04:09:37Z,6
2650,Merry Brandybuck,Project a,2012-05-31T08:38:18Z,2012-05-31T14:51:18Z,7
2651,Merry Brandybuck,Project a,2012-06-06T20:20:57Z,2012-06-06T21:10:57Z,1
2652,Merry Brandybuck,Project a,2012-06-06T21:08:14Z,2012-06-06T22:12:14Z,2
2653,Merry Brandybuck,Project a,2012-06-13T08:09:10Z,2012-06-13T15:21:10Z,8
2654,Merry Brandybuck,Project a,2012-06-18T21:58:52Z,2012-06-19T05:50:52Z,8
2655,Merry Brandybuck,Project a,2012-06-25T11:33:48Z,2012-06-25T15:35:48Z,5
2656,Merry Brandybuck,Project a,2012-06-26T05:37:38Z,2012-06-26T13:00:38Z,8
2657,Merry Brandybuck,Project a,2012-07-01T21:00:04Z,2012-07-02T04:39:04Z,8
2658,Merry Brandybuck,Project a,2012-07-02T19:06:55Z,2012-07-03T02:00:55Z,7
2659,Merry Brandybuck,Project a,2012-07-08T08:21:24Z,2012-07-08T16:34:24Z,9
2660,Merry Brandybuck,Project a,2012-07-09T06:01:21Z,2012-07-09T12:49:21Z,7
2661,Merry Brandybuck,Project a,2012-07-14T19:38:05Z,2012-07-15T03:36:05Z,8
2662,Merry Brandybuck,Project a,2012-07-22T08:08:56Z,2012-07-22T13:31:56Z,6
2663,Merry Brandybuck,Project a,2012-07-27T22:22:40Z,2012-07-28T04:01:40Z,6
2664,Merry Brandybuck,Project a,2012-08-04T07:15:41Z,2012-08-04T10:07:41Z,3
2665,Merry Brandybuck,Project a,2012-08-04T09:54:14Z,2012-08-04T11:17:14Z,2
2666,Merry Brandybuck,Project a,2012-08-10T18:05:29Z,2012-08-10T18:38:29Z,1
2667,Merry Brandybuck,Project a,2012-08-17T07:09:44Z,2012-08-17T12:38:44Z,6
2668,Merry Brandybuck,Project a,2012-09-05T19:03:08Z,2012-09-05T21:50:08Z,3
2669,Merry Brandybuck,Project a,2012-09-12T06:21:40Z,2012-09-12T08:13:40Z,2
2670,Merry Brandybuck,Project a,2012-09-12T08:05:21Z,2012-09-12T08:56:21Z,1
2671,Merry Brandybuck,Project a,2012-09-18T18:22:52Z,2012-09-18T23:46:52Z,6
2672,Merry Brandybuck,Project a,2012-09-25T06:03:40Z,2012-09-25T12:24:40Z,7
2673,Merry Brandybuck,Project a,2012-09-30T23:07:02Z,2012-10-01T02:04:02Z,3
2674,Merry Brandybuck,Project a,2012-10-12T23:31:26Z,2012-10-12T23:39:26Z,1
2675,Merry Brandybuck,Project a,2012-10-20T11:59:22Z,2012-10-20T14:02:22Z,3
2676,Merry Brandybuck,Project a,2012-11-02T06:30:21Z,2012-11-02T12:59:21Z,7
2677,Merry Brandybuck,Project a,2012-11-15T06:05:51Z,2012-11-15T10:12:51Z,5
2678,Merry Brandybuck,Project a,2012-11-15T09:55:07Z,2012-11-15T11:05:07Z,2
2679,Merry Brandybuck,Project a,2012-11-18T23:23:54Z,2012-11-19T00:28:54Z,2
2680,Merry Brandybuck,Project a,2012-11-19T00:24:38Z,2012-11-19T03:12:38Z,3
2681,Merry Brandybuck,Project c,2012-11-19T03:00:51Z,2012-11-19T03:53:51Z,1
2682,Merry Brandybuck,Project c,2012-11-21T16:09:18Z,2012-11-21T18:22:18Z,3
2683,Merry Brandybuck,Project a,2012-11-21T18:11:49Z,2012-11-21T18:52:49Z,1
2684,Merry Brandybuck,Project c,2012-11-21T18:48:59Z,2012-11-22T00:03:59Z,6
2685,Merry Brandybuck,Project c,2012-11-22T18:17:46Z,2012-11-22T22:23:46Z,5
2686,Merry Brandybuck,Project c,2012-11-25T13:24:08Z,2012-11-25T18:08:08Z,5
2687,Merry Brandybuck,Project c,2012-11-28T07:23:32Z,2012-11-28T12:11:32Z,5
2688,Merry Brandybuck,Project a,2012-12-02T01:08:38Z,2012-12-02T04:08:38Z,3
2689,Merry Brandybuck,Project c,2012-12-05T14:07:25Z,2012-12-05T22:12:25Z,9
2690,Merry Brandybuck,Project c,2012-12-08T14:38:37Z,2012-12-08T16:41:37Z,3
2691,Merry Brandybuck,Project c,2012-12-11T07:00:53Z,2012-12-11T12:04:53Z,6
2692,Merry Brandybuck,Project c,2012-12-12T02:05:49Z,2012-12-12T10:14:49Z,9
2693,Merry Brandybuck,Project c,2012-12-18T15:07:49Z,2012-12-18T21:26:49Z,7
2694,Merry Brandybuck,Project a,2012-12-21T12:28:39Z,2012-12-21T16:04:39Z,4
2695,Merry Brandybuck,Project c,2012-12-21T15:48:33Z,2012-12-21T16:16:33Z,1
2696,Merry Brandybuck,Project c,2012-12-24T03:40:58Z,2012-12-24T08:36:58Z,5
2697,Merry Brandybuck,Project a,2012-12-28T00:11:18Z,2012-12-28T00:57:18Z,1
2698,Merry Brandybuck,Project c,2012-12-28T02:01:05Z,2012-12-28T04:27:05Z,3
2699,Merry Brandybuck,Project c,2012-12-31T12:12:35Z,2012-12-31T17:21:35Z,6
3200,Pippin Took,Project a,2012-01-01T10:00:00Z,2012-01-01T11:00:00Z,1
3201,Pippin Took,Project a,2012-01-04T20:55:48Z,2012-01-04T21:55:48Z,1
3202,Pippin Took,Project a,2012-01-13T08:19:16Z,2012-01-13T09:19:16Z,1
3203,Pippin Took,Project a,2012-01-19T07:10:45Z,2012-01-19T08:10:45Z,1
3204,Pippin Took,Project a,2012-01-20T14:39:23Z,2012-01-20T15:39:23Z,1
3205,Pippin Took,Project a,2012-01-30T07:06:11Z,2012-01-30T08:06:11Z,1
3206,Pippin Took,Project a,2012-02-07T18:29:39Z,2012-02-07T19:29:39Z,1
3207,Pippin Took,Project a,2012-02-24T17:16:34Z,2012-02-24T18:16:34Z,1
3208,Pippin Took,Project a,2012-03-04T04:40:02Z,2012-03-04T05:40:02Z,1
3209,Pippin Took,Project a,2012-03-12T16:03:30Z,2012-03-12T17:03:30Z,1
3210,Pippin Took,Project a,2012-03-22T10:55:35Z,2012-03-22T11:55:35Z,1
3211,Pippin Took,Project a,2012-03-23T13:33:39Z,2012-03-23T15:03:39Z,2
3212,Pippin Took,Project a,2012-03-23T19:36:51Z,2012-03-23T21:36:51Z,2
3213,Pippin Took,Project a,2012-03-29T14:50:25Z,2012-03-29T15:50:25Z,1
3214,Pippin Took,Project a,2012-04-07T01:01:14Z,2012-04-07T03:01:14Z,2
3215,Pippin Took,Project a,2012-04-15T12:24:42Z,2012-04-15T14:24:42Z,2
3216,Pippin Took,Project a,2012-04-15T15:25:05Z,2012-04-15T17:25:05Z,2
3217,Pippin Took,Project a,2012-04-22T18:37:32Z,2012-04-22T20:37:32Z,2
3218,Pippin Took,Project a,2012-04-23T23:48:09Z,2012-04-24T01:48:09Z,2
3219,Pippin Took,Project a,2012-05-03T15:48:20Z,2012-05-03T17:18:20Z,2
3220,Pippin Took,Project a,2012-05-03T18:03:56Z,2012-05-03T18:38:56Z,1
3221,Pippin Took,Project a,2012-05-07T13:56:04Z,2012-05-07T14:06:04Z,1
3222,Pippin Took,Project a,2012-05-07T14:04:32Z,2012-05-07T15:34:32Z,2
3223,Pippin Took,Project a,2012-05-10T23:47:43Z,2012-05-11T00:47:43Z,1
3224,Pippin Took,Project a,2012-05-12T09:06:31Z,2012-05-12T09:16:31Z,1
3225,Pippin Took,Project a,2012-05-17T08:20:19Z,2012-05-17T11:05:19Z,3
3226,Pippin Took,Project a,2012-05-19T08:45:54Z,2012-05-19T09:45:54Z,1
3227,Pippin Took,Project a,2012-05-19T09:58:32Z,2012-05-19T11:58:32Z,2
3228,Pippin Took,Project a,2012-05-20T18:03:29Z,2012-05-20T19:33:29Z,2
3229,Pippin Took,Project a,2012-05-22T02:48:23Z,2012-05-22T03:48:23Z,1
3230,Pippin Took,Project a,2012-05-22T23:55:57Z,2012-05-23T00:55:57Z,1
3231,Pippin Took,Project a,2012-05-23T06:35:28Z,2012-05-23T08:05:28Z,2
3232,Pippin Took,Project a,2012-05-24T04:59:18Z,2012-05-24T05:59:18Z,1
3233,Pippin Took,Project a,2012-05-25T09:26:20Z,2012-05-25T12:26:20Z,3
3234,Pippin Took,Project a,2012-05-25T13:40:34Z,2012-05-25T17:40:34Z,4
3235,Pippin Took,Project a,2012-05-26T19:56:34Z,2012-05-26T21:26:34Z,2
3236,Pippin Took,Project a,2012-05-28T02:19:49Z,2012-05-28T03:34:49Z,2
3237,Pippin Took,Project a,2012-05-31T13:44:42Z,2012-05-31T16:14:42Z,3
3238,Pippin Took,Project a,2012-06-02T01:40:53Z,2012-06-02T04:55:53Z,4
3239,Pippin Took,Project a,2012-06-04T03:05:47Z,2012-06-04T05:05:47Z,2
3240,Pippin Took,Project a,2012-06-04T04:54:45Z,2012-06-04T05:54:45Z,1
3241,Pippin Took,Project a,2012-06-05T08:45:28Z,2012-06-05T10:45:28Z,2
3242,Pippin Took,Project a,2012-06-09T02:20:48Z,2012-06-09T04:50:48Z,3
3243,Pippin Took,Project a,2012-06-27T04:58:26Z,2012-06-27T06:28:26Z,2
3244,Pippin Took,Project a,2012-06-30T17:06:53Z,2012-06-30T20:36:53Z,4
3245,Pippin Took,Project a,2012-07-07T00:12:57Z,2012-07-07T02:12:57Z,2
3246,Pippin Took,Project a,2012-07-08T06:06:30Z,2012-07-08T07:36:30Z,2
3247,Pippin Took,Project a,2012-07-09T12:45:30Z,2012-07-09T13:45:30Z,1
3248,Pippin Took,Project a,2012-07-16T16:39:07Z,2012-07-16T17:39:07Z,1
3249,Pippin Took,Project a,2012-08-03T16:29:41Z,2012-08-03T19:29:41Z,3
3250,Pippin Took,Project a,2012-08-08T14:32:03Z,2012-08-08T16:02:03Z,2
3251,Pippin Took,Project a,2012-08-09T17:46:26Z,2012-08-10T01:46:26Z,8
3252,Pippin Took,Project a,2012-08-18T05:46:13Z,2012-08-18T08:16:13Z,3
3253,Pippin Took,Project a,2012-08-19T16:16:27Z,2012-08-19T17:16:27Z,1
3254,Pippin Took,Project a,2012-08-19T18:41:44Z,2012-08-19T21:11:44Z,3
3255,Pippin Took,Project a,2012-08-20T16:29:15Z,2012-08-20T21:29:15Z,5
3256,Pippin Took,Project a,2012-08-24T07:39:18Z,2012-08-24T12:39:18Z,5
3257,Pippin Took,Project a,2012-08-26T16:33:22Z,2012-08-27T01:33:22Z,9
3258,Pippin Took,Project a,2012-08-28T01:14:38Z,2012-08-28T05:14:38Z,4
3259,Pippin Took,Project a,2012-08-31T13:23:05Z,2012-08-31T14:38:05Z,2
3260,Pippin Took,Project a,2012-09-01T18:26:26Z,2012-09-01T20:56:26Z,3
3261,Pippin Took,Project a,2012-09-01T22:40:41Z,2012-09-02T00:06:41Z,2
3262,Pippin Took,Project a,2012-09-02T04:47:30Z,2012-09-02T05:48:30Z,2
3263,Pippin Took,Project a,2012-09-03T00:42:26Z,2012-09-03T02:12:26Z,2
3264,Pippin Took,Project a,2012-09-05T10:12:49Z,2012-09-05T11:42:49Z,2
3265,Pippin Took,Project a,2012-09-18T15:48:37Z,2012-09-18T22:28:37Z,7
3266,Pippin Took,Project a,2012-09-21T03:20:04Z,2012-09-21T11:20:04Z,8
3267,Pippin Took,Project a,2012-09-22T07:10:47Z,2012-09-22T09:40:47Z,3
3268,Pippin Took,Project a,2012-09-23T18:17:20Z,2012-09-23T21:47:20Z,4
3269,Pippin Took,Project a,2012-09-27T08:14:44Z,2012-09-27T13:14:44Z,5
3270,Pippin Took,Project a,2012-09-29T18:57:46Z,2012-09-29T19:57:46Z,1
3271,Pippin Took,Project a,2012-09-29T20:10:24Z,2012-09-29T22:10:24Z,2
3272,Pippin Took,Project a,2012-10-02T00:50:14Z,2012-10-02T06:20:14Z,6
3273,Pippin Took,Project a,2012-10-04T11:33:15Z,2012-10-04T17:33:15Z,6
3274,Pippin Took,Project a,2012-10-05T14:47:39Z,2012-10-05T18:17:39Z,4
3275,Pippin Took,Project a,2012-10-05T20:50:50Z,2012-10-05T22:50:50Z,2
3276,Pippin Took,Project a,2012-10-06T19:51:00Z,2012-10-06T22:51:00Z,3
3277,Pippin Took,Project a,2012-10-07T03:06:50Z,2012-10-07T03:51:50Z,1
3278,Pippin Took,Project a,2012-10-08T01:30:40Z,2012-10-08T04:30:40Z,3
3279,Pippin Took,Project a,2012-10-08T06:21:13Z,2012-10-08T08:21:13Z,2
3280,Pippin Took,Project a,2012-10-10T11:37:22Z,2012-10-10T15:37:22Z,4
3281,Pippin Took,Project a,2012-10-14T02:11:06Z,2012-10-14T06:11:06Z,4
3282,Pippin Took,Project a,2012-10-16T12:17:48Z,2012-10-16T20:17:48Z,8
3283,Pippin Took,Project a,2012-10-24T00:04:48Z,2012-10-24T02:04:48Z,2
3284,Pippin Took,Project a,2012-10-24T23:41:16Z,2012-10-25T03:11:16Z,4
3285,Pippin Took,Project a,2012-10-27T11:00:37Z,2012-10-27T16:00:37Z,5
3286,Pippin Took,Project a,2012-10-31T00:58:01Z,2012-10-31T07:58:01Z,7
3287,Pippin Took,Project a,2012-11-02T11:04:44Z,2012-11-02T18:04:44Z,7
3288,Pippin Took,Project a,2012-11-09T17:24:50Z,2012-11-09T23:54:50Z,7
3289,Pippin Took,Project a,2012-11-10T22:28:11Z,2012-11-11T06:28:11Z,8
3290,Pippin Took,Project a,2012-11-19T09:51:39Z,2012-11-19T16:51:39Z,7
3291,Pippin Took,Project a,2012-11-20T14:55:00Z,2012-11-20T22:55:00Z,8
3292,Pippin Took,Project a,2012-11-21T19:58:21Z,2012-11-22T03:58:21Z,8
3293,Pippin Took,Project a,2012-11-25T10:32:05Z,2012-11-25T18:32:05Z,8
3294,Pippin Took,Project a,2012-11-27T20:38:47Z,2012-11-28T00:26:47Z,4
3295,Pippin Took,Project a,2012-12-13T14:22:22Z,2012-12-13T22:22:22Z,8
3296,Pippin Took,Project a,2012-12-14T19:25:43Z,2012-12-15T03:25:43Z,8
3297,Pippin Took,Project a,2012-12-23T06:49:10Z,2012-12-23T13:49:10Z,7
3298,Pippin Took,Project a,2012-12-24T11:52:31Z,2012-12-24T18:52:31Z,7
3299,Pippin Took,Project a,2012-12-25T16:55:52Z,2012-12-26T00:55:52Z,8
3901,Samwise Gamgee,Project c,2012-01-02T01:54:04Z,2012-01-02T03:24:04Z,2
3903,Samwise Gamgee,Project c,2012-01-08T13:39:56Z,2012-01-08T20:33:56Z,7
3904,Samwise Gamgee,Project c,2012-01-09T18:18:17Z,2012-01-09T19:41:17Z,2
3905,Samwise Gamgee,Project f,2012-01-13T10:15:08Z,2012-01-13T11:16:08Z,2
3906,Samwise Gamgee,Project c,2012-01-13T20:25:29Z,2012-01-13T23:46:29Z,4
3907,Samwise Gamgee,Project b,2012-01-18T13:44:26Z,2012-01-18T14:44:26Z,1
3908,Samwise Gamgee,Project f,2012-01-23T23:47:33Z,2012-01-24T05:00:33Z,6
3909,Samwise Gamgee,Project f,2012-01-25T04:31:45Z,2012-01-25T07:10:45Z,3
3911,Samwise Gamgee,Project c,2012-02-01T03:12:31Z,2012-02-01T11:02:31Z,8
3912,Samwise Gamgee,Project f,2012-02-01T23:11:00Z,2012-02-01T23:45:00Z,1
3913,Samwise Gamgee,Project f,2012-02-03T13:48:23Z,2012-02-03T20:48:23Z,7
3914,Samwise Gamgee,Project f,2012-02-05T05:29:39Z,2012-02-05T17:35:39Z,13
3915,Samwise Gamgee,Project f,2012-02-07T14:38:06Z,2012-02-07T23:43:06Z,10
3916,Samwise Gamgee,Project c,2012-02-10T21:11:38Z,2012-02-10T22:11:38Z,1
3918,Samwise Gamgee,Project f,2012-02-21T12:09:18Z,2012-02-21T18:41:18Z,7
3919,Samwise Gamgee,Project b,2012-02-22T07:56:20Z,2012-02-22T09:35:20Z,2
3921,Samwise Gamgee,Project f,2012-03-05T00:30:18Z,2012-03-05T04:52:18Z,5
3922,Samwise Gamgee,Project f,2012-03-07T09:49:54Z,2012-03-07T13:39:54Z,4
3923,Samwise Gamgee,Project f,2012-03-07T21:11:58Z,2012-03-08T04:41:58Z,8
3924,Samwise Gamgee,Project f,2012-03-09T18:03:25Z,2012-03-09T22:35:25Z,5
3925,Samwise Gamgee,Project c,2012-03-11T03:35:55Z,2012-03-11T08:50:55Z,6
3926,Samwise Gamgee,Project c,2012-03-11T22:07:21Z,2012-03-12T00:11:21Z,3
3927,Samwise Gamgee,Project c,2012-03-12T18:10:41Z,2012-03-12T20:37:41Z,3
3928,Samwise Gamgee,Project c,2012-03-13T21:22:47Z,2012-03-14T01:00:47Z,4
3929,Samwise Gamgee,Project d,2012-03-16T01:17:32Z,2012-03-16T05:17:32Z,4
3930,Samwise Gamgee,Project d,2012-03-16T07:44:21Z,2012-03-16T11:06:21Z,4
3931,Samwise Gamgee,Project f,2012-03-20T19:22:31Z,2012-03-20T22:52:31Z,4
3932,Samwise Gamgee,Project d,2012-03-20T22:13:02Z,2012-03-20T23:13:02Z,1
3936,Samwise Gamgee,Project d,2012-03-28T08:51:09Z,2012-03-28T10:51:09Z,2
3937,Samwise Gamgee,Project c,2012-04-02T00:27:04Z,2012-04-02T04:01:04Z,4
3938,Samwise Gamgee,Project c,2012-04-03T04:55:07Z,2012-04-03T08:01:07Z,4
3939,Samwise Gamgee,Project f,2012-04-07T00:23:24Z,2012-04-07T02:10:24Z,2
3940,Samwise Gamgee,Project c,2012-04-12T18:01:55Z,2012-04-12T20:35:55Z,3
3941,Samwise Gamgee,Project f,2012-04-18T05:09:59Z,2012-04-18T13:26:59Z,9
3942,Samwise Gamgee,Project f,2012-04-18T19:32:19Z,2012-04-18T22:00:19Z,3
3943,Samwise Gamgee,Project f,2012-04-19T18:31:06Z,2012-04-19T20:58:06Z,3
3944,Samwise Gamgee,Project f,2012-04-20T15:56:50Z,2012-04-20T17:23:50Z,2
3945,Samwise Gamgee,Project f,2012-04-20T19:12:37Z,2012-04-21T06:05:37Z,11
3946,Samwise Gamgee,Project c,2012-04-24T05:58:10Z,2012-04-24T09:59:10Z,5
3947,Samwise Gamgee,Project c,2012-04-25T15:07:30Z,2012-04-25T20:59:30Z,6
3948,Samwise Gamgee,Project c,2012-05-01T01:43:06Z,2012-05-01T08:37:06Z,7
3949,Samwise Gamgee,Project f,2012-05-01T07:18:36Z,2012-05-01T11:15:36Z,4
3950,Samwise Gamgee,Project c,2012-05-05T12:21:20Z,2012-05-05T13:53:20Z,2
3951,Samwise Gamgee,Project c,2012-05-06T21:30:50Z,2012-05-07T00:40:50Z,4
3952,Samwise Gamgee,Project d,2012-05-08T17:20:46Z,2012-05-08T18:45:46Z,2
3953,Samwise Gamgee,Project c,2012-05-09T07:30:10Z,2012-05-09T08:52:10Z,2
3954,Samwise Gamgee,Project f,2012-05-10T21:35:26Z,2012-05-11T07:07:26Z,10
3955,Samwise Gamgee,Project c,2012-05-12T11:29:26Z,2012-05-12T13:47:26Z,3
3956,Samwise Gamgee,Project f,2012-05-14T08:46:27Z,2012-05-14T12:01:27Z,4
3957,Samwise Gamgee,Project f,2012-05-16T15:29:57Z,2012-05-16T19:38:57Z,5
3958,Samwise Gamgee,Project d,2012-05-17T00:29:06Z,2012-05-17T03:10:06Z,3
3959,Samwise Gamgee,Project d,2012-05-18T09:46:28Z,2012-05-18T14:19:28Z,5
3960,Samwise Gamgee,Project d,2012-05-19T01:04:55Z,2012-05-19T07:29:55Z,7
3961,Samwise Gamgee,Project d,2012-05-20T03:48:34Z,2012-05-20T05:53:34Z,3
3962,Samwise Gamgee,Project f,2012-05-22T04:06:58Z,2012-05-22T13:17:58Z,10
3963,Samwise Gamgee,Project b,2012-05-22T12:22:39Z,2012-05-22T15:52:39Z,4
3964,Samwise Gamgee,Project c,2012-05-23T05:25:44Z,2012-05-23T06:42:44Z,2
3965,Samwise Gamgee,Project c,2012-05-25T11:25:32Z,2012-05-25T15:15:32Z,4
3966,Samwise Gamgee,Project d,2012-05-29T02:10:19Z,2012-05-29T03:40:19Z,2
3967,Samwise Gamgee,Project c,2012-05-31T08:01:11Z,2012-05-31T09:22:11Z,2
3968,Samwise Gamgee,Project d,2012-06-05T03:16:45Z,2012-06-05T12:26:45Z,10
3969,Samwise Gamgee,Project d,2012-06-05T12:20:01Z,2012-06-05T16:11:01Z,4
3970,Samwise Gamgee,Project d,2012-06-06T18:12:03Z,2012-06-06T20:25:03Z,3
3971,Samwise Gamgee,Project d,2012-06-06T21:52:10Z,2012-06-07T01:59:10Z,5
3972,Samwise Gamgee,Project d,2012-06-23T02:08:16Z,2012-06-23T07:12:16Z,6
3973,Samwise Gamgee,Project d,2012-06-23T08:38:19Z,2012-06-23T09:37:19Z,1
3974,Samwise Gamgee,Project d,2012-06-26T05:52:24Z,2012-06-26T12:16:24Z,7
3976,Samwise Gamgee,Project d,2012-06-26T14:42:38Z,2012-06-26T18:03:38Z,4
3977,Samwise Gamgee,Project d,2012-06-28T16:30:48Z,2012-06-29T01:50:48Z,10
3978,Samwise Gamgee,Project c,2012-07-01T22:37:20Z,2012-07-02T00:23:20Z,2
3979,Samwise Gamgee,Project d,2012-07-03T16:07:47Z,2012-07-03T21:35:47Z,6
3980,Samwise Gamgee,Project d,2012-07-06T14:26:25Z,2012-07-06T17:09:25Z,3
3981,Samwise Gamgee,Project d,2012-07-10T19:49:51Z,2012-07-10T21:41:51Z,2
3983,Samwise Gamgee,Project d,2012-07-15T21:12:06Z,2012-07-16T01:53:06Z,5
3984,Samwise Gamgee,Project c,2012-07-18T23:07:01Z,2012-07-19T01:20:01Z,3
3985,Samwise Gamgee,Project d,2012-07-24T00:30:28Z,2012-07-24T01:50:28Z,2
3986,Samwise Gamgee,Project d,2012-07-25T10:27:09Z,2012-07-25T18:35:09Z,9
3987,Samwise Gamgee,Project d,2012-07-29T17:09:01Z,2012-07-29T22:15:01Z,6
3988,Samwise Gamgee,Project c,2012-07-30T08:45:13Z,2012-07-30T12:45:13Z,4
3989,Samwise Gamgee,Project d,2012-08-04T09:46:38Z,2012-08-04T13:34:38Z,4
3990,Samwise Gamgee,Project d,2012-08-10T14:21:28Z,2012-08-10T15:41:28Z,2
3991,Samwise Gamgee,Project a,2012-08-21T12:35:59Z,2012-08-21T14:06:59Z,2
3992,Samwise Gamgee,Project c,2012-08-22T01:37:06Z,2012-08-22T04:35:06Z,3
3993,Samwise Gamgee,Project b,2012-08-27T02:54:39Z,2012-08-27T04:34:39Z,2
3994,Samwise Gamgee,Project a,2012-08-30T06:05:25Z,2012-08-30T08:35:25Z,3
3995,Samwise Gamgee,Project d,2012-09-03T06:42:56Z,2012-09-03T09:12:56Z,3
3996,Samwise Gamgee,Project a,2012-09-03T08:44:44Z,2012-09-03T10:14:44Z,2
3997,Samwise Gamgee,Project d,2012-09-04T03:18:58Z,2012-09-04T08:13:58Z,5
3998,Samwise Gamgee,Project d,2012-09-06T22:12:23Z,2012-09-06T23:52:23Z,2
3999,Samwise Gamgee,Project c,2012-09-09T02:13:37Z,2012-09-09T08:54:37Z,7
4000,Samwise Gamgee,Project d,2012-09-09T21:19:36Z,2012-09-10T02:59:36Z,6
4001,Samwise Gamgee,Project d,2012-09-11T10:24:09Z,2012-09-11T12:52:09Z,3
4002,Samwise Gamgee,Project d,2012-09-14T15:40:33Z,2012-09-14T17:23:33Z,2
4003,Samwise Gamgee,Project d,2012-09-19T22:21:28Z,2012-09-19T23:47:28Z,2
4004,Samwise Gamgee,Project a,2012-09-26T01:59:21Z,2012-09-26T03:14:21Z,2
4005,Samwise Gamgee,Project d,2012-09-27T13:42:58Z,2012-09-27T16:27:58Z,3
4006,Samwise Gamgee,Project a,2012-10-02T02:22:01Z,2012-10-02T04:36:01Z,3
4007,Samwise Gamgee,Project c,2012-10-03T13:50:33Z,2012-10-03T15:50:33Z,2
4011,Samwise Gamgee,Project d,2012-10-13T02:24:52Z,2012-10-13T04:04:52Z,2
4013,Samwise Gamgee,Project c,2012-11-04T02:36:23Z,2012-11-04T08:36:23Z,6
4016,Samwise Gamgee,Project d,2012-11-12T02:38:22Z,2012-11-12T04:38:22Z,2
4019,Samwise Gamgee,Project d,2012-11-20T06:20:46Z,2012-11-20T09:15:46Z,3
4020,Samwise Gamgee,Project a,2012-11-20T09:36:04Z,2012-11-20T10:34:04Z,1
4021,Samwise Gamgee,Project c,2012-11-20T15:52:01Z,2012-11-20T16:43:01Z,1
4022,Samwise Gamgee,Project d,2012-11-21T01:00:06Z,2012-11-21T02:00:06Z,1
4024,Samwise Gamgee,Project c,2012-11-22T00:32:57Z,2012-11-22T04:32:57Z,4
4025,Samwise Gamgee,Project d,2012-11-22T07:51:25Z,2012-11-22T08:37:25Z,1
4027,Samwise Gamgee,Project c,2012-11-26T00:21:45Z,2012-11-26T05:21:45Z,5
4029,Samwise Gamgee,Project c,2012-11-26T19:02:17Z,2012-11-27T01:22:17Z,7
4033,Samwise Gamgee,Project c,2012-12-03T10:21:21Z,2012-12-03T13:28:21Z,4
4034,Samwise Gamgee,Project a,2012-12-04T03:14:14Z,2012-12-04T04:44:14Z,2
4035,Samwise Gamgee,Project c,2012-12-04T05:40:24Z,2012-12-04T08:10:24Z,3
4036,Samwise Gamgee,Project a,2012-12-04T21:54:46Z,2012-12-04T22:55:46Z,2
4037,Samwise Gamgee,Project a,2012-12-14T22:39:52Z,2012-12-15T01:09:52Z,3
4038,Samwise Gamgee,Project c,2012-12-15T14:05:32Z,2012-12-15T15:35:32Z,2
4039,Samwise Gamgee,Project a,2012-12-16T08:46:03Z,2012-12-16T10:46:03Z,2
4040,Samwise Gamgee,Project a,2012-12-18T18:00:43Z,2012-12-18T19:00:43Z,1
4041,Samwise Gamgee,Project c,2012-12-19T06:48:03Z,2012-12-19T11:34:03Z,5
4042,Samwise Gamgee,Project c,2012-12-20T11:27:00Z,2012-12-20T14:10:00Z,3
4045,Samwise Gamgee,Project c,2012-12-26T17:38:20Z,2012-12-26T21:08:20Z,4
4046,Samwise Gamgee,Project f,2012-12-26T20:28:51Z,2012-12-26T23:58:51Z,4
4047,Samwise Gamgee,Project f,2012-12-27T03:47:19Z,2012-12-27T05:32:19Z,2
4049,Samwise Gamgee,Project f,2012-12-31T14:33:50Z,2012-12-31T17:33:50Z,3
